<?xml version='1.0' encoding='UTF-8'?>
<rdf:RDF xmlns:rdf='http://www.w3.org/1999/02/22-rdf-syntax-ns#'>

<rdf:Description rdf:about='t/images/Nikon.jpg'
  xmlns:et='http://ns.exiftool.org/1.0/' et:toolkit='Image::ExifTool 12.61'
  xmlns:ExifTool='http://ns.exiftool.org/ExifTool/1.0/'
  xmlns:System='http://ns.exiftool.org/File/System/1.0/'
  xmlns:File='http://ns.exiftool.org/File/1.0/'
  xmlns:IFD0='http://ns.exiftool.org/EXIF/IFD0/1.0/'
  xmlns:ExifIFD='http://ns.exiftool.org/EXIF/ExifIFD/1.0/'
  xmlns:Nikon='http://ns.exiftool.org/MakerNotes/Nikon/1.0/'
  xmlns:PrintIM='http://ns.exiftool.org/PrintIM/PrintIM/1.0/'
  xmlns:InteropIFD='http://ns.exiftool.org/EXIF/InteropIFD/1.0/'
  xmlns:IFD1='http://ns.exiftool.org/EXIF/IFD1/1.0/'
  xmlns:Composite='http://ns.exiftool.org/Composite/1.0/'>
 <ExifTool:ExifToolVersion et:id='ExifToolVersion'>12.61</ExifTool:ExifToolVersion>
 <System:FileName et:id='FileName'>Nikon.jpg</System:FileName>
 <System:Directory et:id='Directory'>t/images</System:Directory>
 <System:FileSize et:id='FileSize'>1703 bytes</System:FileSize>
 <System:FileModifyDate et:id='FileModifyDate'>2006:01:04 14:02:27-05:00</System:FileModifyDate>
 <System:FileAccessDate et:id='FileAccessDate'>2023:04:22 14:07:35-04:00</System:FileAccessDate>
 <System:FileInodeChangeDate et:id='FileInodeChangeDate'>2023:02:21 15:57:49-05:00</System:FileInodeChangeDate>
 <System:FilePermissions et:id='FilePermissions'>-rw-r--r--</System:FilePermissions>
 <File:FileType et:id='FileType'>JPEG</File:FileType>
 <File:FileTypeExtension et:id='FileTypeExtension'>jpg</File:FileTypeExtension>
 <File:MIMEType et:id='MIMEType'>image/jpeg</File:MIMEType>
 <File:ExifByteOrder et:id='ExifByteOrder'>Little-endian (Intel, II)</File:ExifByteOrder>
 <File:ImageWidth et:id='ImageWidth'>8</File:ImageWidth>
 <File:ImageHeight et:id='ImageHeight'>8</File:ImageHeight>
 <File:EncodingProcess et:id='EncodingProcess'>Baseline DCT, Huffman coding</File:EncodingProcess>
 <File:BitsPerSample et:id='BitsPerSample'>8</File:BitsPerSample>
 <File:ColorComponents et:id='ColorComponents'>3</File:ColorComponents>
 <File:YCbCrSubSampling et:id='YCbCrSubSampling'>YCbCr4:2:0 (2 2)</File:YCbCrSubSampling>
 <IFD0:ImageDescription et:id='270'>          </IFD0:ImageDescription>
 <IFD0:Make et:id='271'>NIKON</IFD0:Make>
 <IFD0:Model et:id='272'>E775</IFD0:Model>
 <IFD0:Orientation et:id='274'>Horizontal (normal)</IFD0:Orientation>
 <IFD0:XResolution et:id='282'>300</IFD0:XResolution>
 <IFD0:YResolution et:id='283'>300</IFD0:YResolution>
 <IFD0:ResolutionUnit et:id='296'>inches</IFD0:ResolutionUnit>
 <IFD0:Software et:id='305'>E775v1.3u</IFD0:Software>
 <IFD0:ModifyDate et:id='306'>2001:08:01 12:57:23</IFD0:ModifyDate>
 <IFD0:YCbCrPositioning et:id='531'>Co-sited</IFD0:YCbCrPositioning>
 <ExifIFD:ExposureTime et:id='33434'>1/213</ExifIFD:ExposureTime>
 <ExifIFD:FNumber et:id='33437'>9.4</ExifIFD:FNumber>
 <ExifIFD:ExposureProgram et:id='34850'>Program AE</ExifIFD:ExposureProgram>
 <ExifIFD:ISO et:id='34855'>100</ExifIFD:ISO>
 <ExifIFD:ExifVersion et:id='36864'>0210</ExifIFD:ExifVersion>
 <ExifIFD:DateTimeOriginal et:id='36867'>2001:08:01 12:57:23</ExifIFD:DateTimeOriginal>
 <ExifIFD:CreateDate et:id='36868'>2001:08:01 12:57:23</ExifIFD:CreateDate>
 <ExifIFD:ComponentsConfiguration et:id='37121'>Y, Cb, Cr, -</ExifIFD:ComponentsConfiguration>
 <ExifIFD:CompressedBitsPerPixel et:id='37122'>3</ExifIFD:CompressedBitsPerPixel>
 <ExifIFD:ExposureCompensation et:id='37380'>0</ExifIFD:ExposureCompensation>
 <ExifIFD:MaxApertureValue et:id='37381'>3.4</ExifIFD:MaxApertureValue>
 <ExifIFD:MeteringMode et:id='37383'>Multi-segment</ExifIFD:MeteringMode>
 <ExifIFD:LightSource et:id='37384'>Unknown</ExifIFD:LightSource>
 <ExifIFD:Flash et:id='37385'>No Flash</ExifIFD:Flash>
 <ExifIFD:FocalLength et:id='37386'>8.6 mm</ExifIFD:FocalLength>
 <ExifIFD:UserComment et:id='37510'></ExifIFD:UserComment>
 <ExifIFD:FlashpixVersion et:id='40960'>0100</ExifIFD:FlashpixVersion>
 <ExifIFD:ColorSpace et:id='40961'>sRGB</ExifIFD:ColorSpace>
 <ExifIFD:ExifImageWidth et:id='40962'>1600</ExifIFD:ExifImageWidth>
 <ExifIFD:ExifImageHeight et:id='40963'>1200</ExifIFD:ExifImageHeight>
 <ExifIFD:FileSource et:id='41728'>Digital Camera</ExifIFD:FileSource>
 <ExifIFD:SceneType et:id='41729'>Directly photographed</ExifIFD:SceneType>
 <Nikon:MakerNoteVersion et:id='1'>1.00</Nikon:MakerNoteVersion>
 <Nikon:ISO et:id='2'>0</Nikon:ISO>
 <Nikon:ColorMode et:id='3'>Color</Nikon:ColorMode>
 <Nikon:Quality et:id='4'>Fine</Nikon:Quality>
 <Nikon:WhiteBalance et:id='5'>Auto</Nikon:WhiteBalance>
 <Nikon:Sharpness et:id='6'>Auto</Nikon:Sharpness>
 <Nikon:FocusMode et:id='7'>AF-C</Nikon:FocusMode>
 <Nikon:FlashSetting et:id='8'></Nikon:FlashSetting>
 <Nikon:ISOSelection et:id='15'>Auto</Nikon:ISOSelection>
 <Nikon:ImageAdjustment et:id='128'>Normal</Nikon:ImageAdjustment>
 <Nikon:AuxiliaryLens et:id='130'>Off</Nikon:AuxiliaryLens>
 <Nikon:ManualFocusDistance et:id='133'>undef</Nikon:ManualFocusDistance>
 <Nikon:DigitalZoom et:id='134'>1</Nikon:DigitalZoom>
 <Nikon:AFAreaMode et:id='0'>Single Area</Nikon:AFAreaMode>
 <Nikon:AFPoint et:id='1'>Center</Nikon:AFPoint>
 <Nikon:AFPointsInFocus et:id='2'>(none)</Nikon:AFPointsInFocus>
 <Nikon:SceneMode et:id='143'></Nikon:SceneMode>
 <Nikon:DataDump et:id='16'>(Binary data 122 bytes, use -b option to extract)</Nikon:DataDump>
 <PrintIM:PrintIMVersion et:id='PrintIMVersion'>0100</PrintIM:PrintIMVersion>
 <InteropIFD:InteropIndex et:id='1'>R98 - DCF basic file (sRGB)</InteropIFD:InteropIndex>
 <InteropIFD:InteropVersion et:id='2'>0100</InteropIFD:InteropVersion>
 <IFD1:Compression et:id='259'>JPEG (old-style)</IFD1:Compression>
 <IFD1:XResolution et:id='282'>300</IFD1:XResolution>
 <IFD1:YResolution et:id='283'>300</IFD1:YResolution>
 <IFD1:ResolutionUnit et:id='296'>inches</IFD1:ResolutionUnit>
 <IFD1:ThumbnailOffset et:id='513'>1426</IFD1:ThumbnailOffset>
 <IFD1:ThumbnailLength et:id='514'>28</IFD1:ThumbnailLength>
 <IFD1:ThumbnailImage et:id='Exif-ThumbnailImage'>(Binary data 28 bytes, use -b option to extract)</IFD1:ThumbnailImage>
 <Composite:Aperture et:id='Exif-Aperture'>9.4</Composite:Aperture>
 <Composite:ImageSize et:id='Exif-ImageSize'>8x8</Composite:ImageSize>
 <Composite:Megapixels et:id='Exif-Megapixels'>0.000064</Composite:Megapixels>
 <Composite:ShutterSpeed et:id='Exif-ShutterSpeed'>1/213</Composite:ShutterSpeed>
 <Composite:FocalLength35efl et:id='Exif-FocalLength35efl'>8.6 mm</Composite:FocalLength35efl>
 <Composite:LightValue et:id='Exif-LightValue'>14.2</Composite:LightValue>
</rdf:Description>
</rdf:RDF>
